id,first_name,last_name,email,gender,jobtitle,country,companyname
1,Cross,Bittlestone,cbittlestone0@hc360.com,Male,Software Test Engineer I,Brazil,Jaxbean
2,Jesselyn,Keaveney,jkeaveney1@nasa.gov,Female,Senior Developer,Brazil,Bubblemix
3,Lyndel,Dymott,ldymott2@istockphoto.com,Female,Recruiter,Argentina,Fliptune
4,Tito,Guage,tguage3@dropbox.com,Male,Senior Cost Accountant,Egypt,Yacero
5,Ryan,Cornill,rcornill4@princeton.edu,Male,Senior Sales Associate,Argentina,Skidoo
6,Iris,Upwood,iupwood5@apple.com,Agender,Chemical Engineer,Brazil,Roombo
7,Parrnell,Rendle,prendle6@amazon.co.jp,Male,Clinical Specialist,Brazil,Dynava
8,Darbee,Conechie,dconechie7@wsj.com,Male,Staff Scientist,Brazil,Meejo
9,Gwennie,Bunny,gbunny8@parallels.com,Female,Environmental Tech,Brazil,Zoonoodle
10,Carol-jean,Lucock,clucock9@chronoengine.com,Female,Professor,Argentina,Zooxo
11,Kathie,Lamshead,klamsheada@unesco.org,Female,Software Consultant,Brazil,Realcube
12,Gar,Annable,gannableb@last.fm,Genderfluid,Speech Pathologist,Brazil,Youopia
13,Matthaeus,Deas,mdeasc@amazon.de,Male,Senior Cost Accountant,Brazil,Brainbox
14,Toiboid,Bulford,tbulfordd@netscape.com,Male,Structural Analysis Engineer,Brazil,Thoughtsphere
15,Lorrie,Cassin,lcassine@ucoz.com,Female,Systems Administrator II,Brazil,Fivebridge
16,Ingunna,Stribbling,istribblingf@ifeng.com,Female,Senior Editor,Argentina,Roomm
17,Lotte,Cavie,lcavieg@un.org,Female,Chemical Engineer,Argentina,Flipbug
18,Harrietta,Carme,hcarmeh@bbb.org,Female,Financial Advisor,Argentina,Innotype
19,Demetri,Byre,dbyrei@hubpages.com,Male,Account Coordinator,Croatia,Dazzlesphere
20,Annmarie,Savins,asavinsj@ifeng.com,Female,Associate Professor,Suriname,Skippad
21,Rossy,Alesbrook,ralesbrookk@blog.com,Male,Software Engineer III,Brazil,Tagfeed
22,Jeno,McNerlin,jmcnerlinl@jimdo.com,Male,Geological Engineer,Croatia,Oyoyo
23,Audrey,Watkins,awatkinsm@mac.com,Female,Staff Accountant II,Andorra,Eire
24,Fonzie,Boggers,fboggersn@pcworld.com,Male,Health Coach I,Brazil,Bluejam
25,Willyt,Sevitt,wsevitto@mail.ru,Female,Geologist IV,Argentina,Skidoo
26,Jaclyn,Slym,jslymp@baidu.com,Polygender,Accounting Assistant II,Brazil,Topicshots
27,Toby,Lorne,tlorneq@mozilla.com,Male,Health Coach III,Argentina,Kazu
28,Ransom,Bedborough,rbedboroughr@jiathis.com,Male,Paralegal,Cuba,Meejo
29,Christy,Hiddsley,chiddsleys@people.com.cn,Male,Office Assistant II,Argentina,Tazzy
30,Pippo,Baltrushaitis,pbaltrushaitist@bizjournals.com,Male,Electrical Engineer,Cuba,Digitube
31,Felicle,Manvell,fmanvellu@businessinsider.com,Female,Office Assistant IV,Brazil,Plajo
32,Genevieve,Brettell,gbrettellv@bloglovin.com,Female,Internal Auditor,Croatia,Wikido
33,Rona,Jaffrey,rjaffreyw@digg.com,Female,Executive Secretary,Brazil,Jaxspan
34,Ichabod,Joyes,ijoyesx@netvibes.com,Male,Graphic Designer,Brazil,Tagpad
35,Galina,Tivenan,gtivenany@godaddy.com,Female,Clinical Specialist,Egypt,Meevee
36,Pauly,Tibb,ptibbz@mysql.com,Male,Account Executive,Brazil,Yambee
37,Goldina,Maw,gmaw10@nps.gov,Female,Nurse,Argentina,Babbleset
38,Clementia,Dyers,cdyers11@de.vu,Agender,Graphic Designer,Brazil,Rhyzio
39,Gil,Dimitru,gdimitru12@chronoengine.com,Male,Design Engineer,Croatia,Aimbu
40,Therine,Brittles,tbrittles13@mayoclinic.com,Female,VP Product Management,Brazil,Oba
41,Danita,Blackeby,dblackeby14@webmd.com,Agender,Assistant Professor,Argentina,Gabtype
42,Kalil,Quickenden,kquickenden15@yolasite.com,Male,VP Sales,Afghanistan,DabZ
43,Regina,Barriball,rbarriball16@sun.com,Female,Business Systems Development Analyst,Brazil,Browsedrive
44,Lazar,Cockshoot,lcockshoot17@google.it,Male,Help Desk Operator,Brazil,Divavu
45,Antonius,Brandenberg,abrandenberg18@themeforest.net,Genderqueer,Environmental Tech,Brazil,Jabbersphere
46,Gipsy,Weale,gweale19@fastcompany.com,Female,Project Manager,Brazil,Flipstorm
47,Linnea,Goldring,lgoldring1a@vinaora.com,Female,Nuclear Power Engineer,Brazil,Myworks
48,Karen,Belding,kbelding1b@cargocollective.com,Female,Junior Executive,Argentina,Blogspan
49,Terry,Yakunchikov,tyakunchikov1c@cnn.com,Male,Cost Accountant,Brazil,Yakitri
50,Frankie,Spreckley,fspreckley1d@abc.net.au,Male,Occupational Therapist,Afghanistan,Flashset
51,Milissent,Tombleson,mtombleson1e@hud.gov,Female,Internal Auditor,Brazil,Lazz
52,Ronni,Mennell,rmennell1f@free.fr,Female,Financial Analyst,Brazil,Mydo
53,Eziechiele,Joysey,ejoysey1g@java.com,Male,Teacher,Argentina,Livepath
54,Mattias,Matula,mmatula1h@soup.io,Male,Sales Associate,Brazil,Linkbuzz
55,Dillon,Rehorek,drehorek1i@tamu.edu,Non-binary,Financial Advisor,Brazil,Centidel
56,Brier,Feasby,bfeasby1j@washington.edu,Genderqueer,Safety Technician IV,Brazil,Topdrive
57,Zeb,Goldsmith,zgoldsmith1k@histats.com,Male,Web Designer III,Argentina,Youtags
58,Rory,Bathersby,rbathersby1l@china.com.cn,Male,Senior Editor,Argentina,Meedoo
59,Daryl,Emnoney,demnoney1m@issuu.com,Male,Web Developer IV,Australia,Kaymbo
60,Maryellen,Kraft,mkraft1n@boston.com,Female,Director of Sales,Brazil,Trilith
61,Jordan,Attkins,jattkins1o@bizjournals.com,Male,Pharmacist,Croatia,Izio
62,Maurise,Culpan,mculpan1p@vistaprint.com,Non-binary,Environmental Tech,Brazil,Browsebug
63,Orren,O'Lunney,oolunney1q@stanford.edu,Male,Chief Design Engineer,Brazil,Zoovu
64,Mollie,Lysons,mlysons1r@jiathis.com,Female,Executive Secretary,Cuba,Zava
65,Kassey,Gowry,kgowry1s@independent.co.uk,Female,Assistant Media Planner,Argentina,Trupe
66,Franny,Philbrick,fphilbrick1t@fda.gov,Male,Accountant II,Brazil,Zoovu
67,Olav,Sayward,osayward1u@ucla.edu,Male,Senior Quality Engineer,Brazil,Jabberstorm
68,Elenore,Pick,epick1v@printfriendly.com,Female,Nuclear Power Engineer,Cuba,Divape
69,Jilli,Hastings,jhastings1w@tinyurl.com,Female,Structural Analysis Engineer,Brazil,Centidel
70,Jada,Derx,jderx1x@tripod.com,Female,Technical Writer,Brazil,Trupe
71,Deane,Redfield,dredfield1y@github.io,Male,Dental Hygienist,Brazil,Cogibox
72,Hobart,Goude,hgoude1z@smugmug.com,Genderfluid,Account Coordinator,Argentina,Youopia
73,Veronica,Tuohy,vtuohy20@fc2.com,Female,Web Developer III,Argentina,Gabtype
74,Armand,Steeden,asteeden21@biglobe.ne.jp,Agender,Occupational Therapist,Afghanistan,Oba
75,Clareta,O' Donohue,codonohue22@nps.gov,Female,Senior Financial Analyst,Brazil,Roombo
76,Karlyn,Swinbourne,kswinbourne23@trellian.com,Female,Nurse,Argentina,Einti
77,Garwood,Castanares,gcastanares24@kickstarter.com,Male,Geologist I,Croatia,Shufflebeat
78,Gusty,Themann,gthemann25@theatlantic.com,Female,Research Assistant II,Argentina,Shuffledrive
79,Sheilakathryn,McErlaine,smcerlaine26@webnode.com,Female,VP Product Management,Brazil,Quimba
80,Gwenette,Rihanek,grihanek27@bbb.org,Female,Tax Accountant,Suriname,Yambee
81,Flo,Edelman,fedelman28@icio.us,Female,Business Systems Development Analyst,Croatia,Realcube
82,Aldwin,Wragg,awragg29@tinypic.com,Male,Budget/Accounting Analyst I,Brazil,Flashset
83,Richmound,Dany,rdany2a@imgur.com,Male,Software Test Engineer II,Brazil,Bubblemix
84,Kasper,Garbert,kgarbert2b@hexun.com,Male,VP Quality Control,Brazil,Ozu
85,Finlay,Doghartie,fdoghartie2c@addtoany.com,Male,Internal Auditor,Brazil,Fivechat
86,Daniela,Reisenstein,dreisenstein2d@edublogs.org,Non-binary,Paralegal,Argentina,Skiba
87,Ruperta,McIlrath,rmcilrath2e@kickstarter.com,Female,Graphic Designer,Argentina,Brainbox
88,Hadlee,McIlwraith,hmcilwraith2f@sourceforge.net,Male,VP Sales,Brazil,Realbridge
89,William,Gobel,wgobel2g@geocities.jp,Male,VP Marketing,Bahrain,Rooxo
90,Web,Kightly,wkightly2h@xrea.com,Male,Librarian,Brazil,Devpoint
91,Clyve,Mc Harg,cmcharg2i@merriam-webster.com,Male,Systems Administrator I,Argentina,Oyope
92,Shellie,Dicke,sdicke2j@163.com,Female,Senior Cost Accountant,Argentina,Buzzbean
93,Patrizio,Armiger,parmiger2k@foxnews.com,Male,Database Administrator III,Brazil,Rhyzio
94,Gilles,Born,gborn2l@goodreads.com,Male,Professor,Brazil,Agivu
95,Merrill,Lorryman,mlorryman2m@blogspot.com,Female,Help Desk Technician,Zambia,Dabvine
96,Ingrid,Giacomozzo,igiacomozzo2n@dailymotion.com,Female,Sales Associate,Brazil,Ainyx
97,Frances,Sowthcote,fsowthcote2o@upenn.edu,Female,Speech Pathologist,Afghanistan,Yotz
98,Astrid,Killbey,akillbey2p@bigcartel.com,Female,Software Test Engineer III,Croatia,Thoughtworks
99,Katherine,Leele,kleele2q@guardian.co.uk,Non-binary,Assistant Media Planner,Brazil,Zoomzone
100,Pren,Latore,platore2r@mtv.com,Male,Recruiter,Brazil,Teklist
101,Tabby,Bristoe,tbristoe2s@psu.edu,Male,Environmental Tech,Brazil,Yodoo
102,Stephine,Georgescu,sgeorgescu2t@europa.eu,Female,Research Associate,Brazil,Jetpulse
103,Meara,Yerlett,myerlett2u@vimeo.com,Female,Geological Engineer,Brazil,Meezzy
104,Chick,Coger,ccoger2v@spotify.com,Male,Environmental Specialist,Brazil,Shufflester
105,Imogene,Raulin,iraulin2w@dyndns.org,Female,Biostatistician IV,Brazil,Thoughtworks
106,Jerry,Seatter,jseatter2x@fc2.com,Female,GIS Technical Architect,Afghanistan,InnoZ
107,Domini,Lars,dlars2y@fotki.com,Female,Associate Professor,Brazil,Ailane
108,Layla,Adao,ladao2z@archive.org,Female,Pharmacist,Brazil,Jetpulse
109,Hanson,Measor,hmeasor30@scientificamerican.com,Male,Recruiting Manager,Brazil,Thoughtstorm
110,Doria,Caris,dcaris31@wordpress.org,Female,Mechanical Systems Engineer,Brazil,Roomm
111,Stacie,Simonnet,ssimonnet32@ycombinator.com,Female,Environmental Tech,Argentina,Agivu
112,Augie,Langthorn,alangthorn33@sourceforge.net,Male,VP Quality Control,Brazil,Gigazoom
113,Alverta,Basham,abasham34@hostgator.com,Female,Senior Sales Associate,Argentina,Mudo
114,Edin,Sidney,esidney35@bizjournals.com,Female,Administrative Officer,Croatia,Oyondu
115,Karlyn,Eilles,keilles36@51.la,Agender,Statistician IV,Argentina,Topicstorm
116,Jammie,Eliassen,jeliassen37@businessweek.com,Bigender,Desktop Support Technician,Zambia,Yacero
117,Glyn,Roskruge,groskruge38@xrea.com,Female,VP Quality Control,Botswana,Yadel
118,Conney,Gillingwater,cgillingwater39@ucoz.com,Male,Environmental Tech,Brazil,Tazzy
119,Marion,Godfrey,mgodfrey3a@alibaba.com,Male,Senior Developer,Australia,Shufflebeat
120,Sonni,Anwell,sanwell3b@altervista.org,Female,Assistant Manager,Cuba,Zoomlounge
121,Aylmer,Newis,anewis3c@mapy.cz,Male,VP Accounting,Brazil,Rhyloo
122,Fitzgerald,Storrah,fstorrah3d@com.com,Male,Occupational Therapist,Cuba,Cogidoo
123,Chandal,Mil,cmil3e@hud.gov,Female,Structural Analysis Engineer,Afghanistan,Linktype
124,Leora,Pearman,lpearman3f@goo.ne.jp,Female,Editor,Bahamas,Riffwire
125,Norbie,Torritti,ntorritti3g@unesco.org,Male,Recruiter,Cuba,Browsebug
126,Hilarius,Cathee,hcathee3h@blog.com,Male,Analyst Programmer,Brazil,Oyonder
127,Rebecca,Jacobovitch,rjacobovitch3i@gmpg.org,Agender,Cost Accountant,Argentina,Ailane
128,Karl,Rops,krops3j@phoca.cz,Male,Operator,Brazil,Kayveo
129,Maggee,McParlin,mmcparlin3k@w3.org,Female,Sales Representative,Argentina,Centizu
130,Cosme,Demoge,cdemoge3l@posterous.com,Male,Payment Adjustment Coordinator,Egypt,Quatz
131,Peria,Reeday,preeday3m@springer.com,Female,Biostatistician IV,Cuba,Dynazzy
132,Curry,Robecon,crobecon3n@java.com,Male,Quality Control Specialist,Brazil,Shuffletag
133,Normy,Demongeot,ndemongeot3o@angelfire.com,Male,Senior Cost Accountant,Brazil,Jayo
134,Wilburt,Raiker,wraiker3p@go.com,Male,Recruiting Manager,Brazil,Kaymbo
135,Janeen,Ionesco,jionesco3q@admin.ch,Female,General Manager,Egypt,Aimbu
136,Renato,Pescod,rpescod3r@goo.gl,Male,VP Marketing,Brazil,Vinder
137,Lyell,McLucky,lmclucky3s@weebly.com,Male,Tax Accountant,Brazil,Meevee
138,Yancy,Burgher,yburgher3t@mediafire.com,Male,Civil Engineer,Brazil,Avamm
139,Eveline,Grishukhin,egrishukhin3u@geocities.com,Agender,Electrical Engineer,Brazil,Yacero
140,Gearalt,Lyvon,glyvon3v@dropbox.com,Genderfluid,Accounting Assistant I,Argentina,Ailane
141,Merna,Escoffier,mescoffier3w@elpais.com,Polygender,Software Consultant,Brazil,Voolia
142,Daffie,Silvester,dsilvester3x@desdev.cn,Female,Internal Auditor,Brazil,Quire
143,Brendin,Braun,bbraun3y@cornell.edu,Male,Pharmacist,Brazil,Blogpad
144,Gerianna,Lockyer,glockyer3z@barnesandnoble.com,Female,Graphic Designer,Argentina,Brainlounge
145,Elke,Rockhill,erockhill40@bloomberg.com,Female,Statistician I,Argentina,Realblab
146,Donna,Thorpe,dthorpe41@google.ca,Female,Mechanical Systems Engineer,Brazil,Thoughtworks
147,Arlan,Hagard,ahagard42@ask.com,Male,Senior Editor,Botswana,Innojam
148,Jay,Marjanski,jmarjanski43@cam.ac.uk,Male,Senior Developer,Brazil,Roodel
149,Garwood,Buttrum,gbuttrum44@google.com.au,Male,Tax Accountant,Cuba,Flipopia
150,Giulio,Kynan,gkynan45@ebay.com,Male,Food Chemist,Brazil,Fivespan
151,Ulises,Felmingham,ufelmingham46@economist.com,Male,Research Assistant IV,Brazil,Tagpad
152,Deerdre,Denidge,ddenidge47@pbs.org,Female,Biostatistician IV,Brazil,Fivespan
153,Marrissa,Bale,mbale48@whitehouse.gov,Female,Associate Professor,Dominica,Edgeclub
154,Edik,Cyson,ecyson49@wikia.com,Male,Media Manager III,Afghanistan,Photofeed
155,Tony,Aylmer,taylmer4a@newsvine.com,Male,General Manager,Angola,Yozio
156,Valene,Shelborne,vshelborne4b@vinaora.com,Female,Research Nurse,Brazil,Devshare
157,Antonia,Akker,aakker4c@vimeo.com,Female,Geological Engineer,Argentina,Tagtune
158,Shannon,Cavilla,scavilla4d@smh.com.au,Female,Assistant Manager,Brazil,Jaxnation
159,Mab,Stronack,mstronack4e@rambler.ru,Female,Help Desk Technician,Brazil,Yakitri
160,Cynthy,Kilalea,ckilalea4f@skyrock.com,Female,Automation Specialist III,Cuba,Jaxspan
161,Cy,Grattan,cgrattan4g@google.com.au,Male,Statistician III,Zambia,Zooxo
162,Valentine,Strelitzki,vstrelitzki4h@imageshack.us,Male,GIS Technical Architect,Argentina,Riffpath
163,Mead,Theobold,mtheobold4i@bravesites.com,Female,Pharmacist,Egypt,Layo
164,Eilis,Kelberman,ekelberman4j@arizona.edu,Female,Paralegal,Argentina,Topicshots
165,Susana,Olivari,solivari4k@admin.ch,Female,Registered Nurse,Brazil,Rhybox
166,Rafa,Burroughes,rburroughes4l@etsy.com,Female,Structural Engineer,Croatia,Rhynyx
167,Thibaud,Djokovic,tdjokovic4m@histats.com,Male,Engineer II,Brazil,Centimia
168,Arie,Hele,ahele4n@51.la,Male,VP Marketing,Brazil,Skimia
169,Kiersten,Skillett,kskillett4o@bbc.co.uk,Female,Graphic Designer,Argentina,Buzzdog
170,Bradney,Mordan,bmordan4p@merriam-webster.com,Male,Legal Assistant,Argentina,Divanoodle
171,Bab,Oxterby,boxterby4q@studiopress.com,Female,Teacher,Brazil,Tagcat
172,Shantee,Volks,svolks4r@dmoz.org,Female,Automation Specialist II,Brazil,Kazio
173,Tessa,Christofle,tchristofle4s@state.tx.us,Female,Civil Engineer,Brazil,Fatz
174,Vickie,Vasilyonok,vvasilyonok4t@slideshare.net,Female,Senior Sales Associate,Brazil,Meezzy
175,Artur,Cattini,acattini4u@hhs.gov,Male,Environmental Specialist,Brazil,Wikizz
176,Jacki,Ghiroldi,jghiroldi4v@theatlantic.com,Female,Legal Assistant,Barbados,Yoveo
177,Kale,Tiner,ktiner4w@upenn.edu,Male,Speech Pathologist,Brazil,Jaxnation
178,Roman,Ick,rick4x@linkedin.com,Male,VP Quality Control,Croatia,Zoovu
179,Dud,Clancy,dclancy4y@123-reg.co.uk,Male,Legal Assistant,Brazil,Rhynyx
180,Chickie,Wardale,cwardale4z@imageshack.us,Female,Assistant Media Planner,Afghanistan,Brainlounge
181,Maighdiln,Arne,marne50@google.com.hk,Female,Physical Therapy Assistant,Egypt,Plambee
182,Amanda,Eagles,aeagles51@naver.com,Female,VP Quality Control,Brazil,Quimm
183,Parke,Gunby,pgunby52@nba.com,Male,Nurse Practicioner,Brazil,Avamm
184,Sallee,Deaton,sdeaton53@ameblo.jp,Female,Product Engineer,Egypt,Blognation
185,Eunice,Allwright,eallwright54@blinklist.com,Female,Product Engineer,Brazil,Linktype
186,Garner,Scimonelli,gscimonelli55@facebook.com,Male,Data Coordinator,Brazil,Bubblemix
187,Catlin,Brahams,cbrahams56@hubpages.com,Female,Budget/Accounting Analyst II,Egypt,Oyonder
188,Andrus,Matous,amatous57@themeforest.net,Male,Senior Sales Associate,Argentina,Centimia
189,Ford,Gonoude,fgonoude58@telegraph.co.uk,Male,Paralegal,Brazil,Meezzy
190,Horacio,Dumberell,hdumberell59@cyberchimps.com,Male,Product Engineer,Brazil,Pixoboo
191,Reginald,Ginnety,rginnety5a@163.com,Male,Senior Sales Associate,Brazil,Midel
192,Etti,Clara,eclara5b@prweb.com,Female,Geologist IV,Australia,Fivechat
193,Yankee,Paramor,yparamor5c@oracle.com,Male,Cost Accountant,Croatia,Twitterlist
194,Martie,Nix,mnix5d@theatlantic.com,Female,Speech Pathologist,Brazil,Wikido
195,Gabriello,Estrella,gestrella5e@ucoz.com,Male,Accounting Assistant IV,Angola,Livepath
196,Godard,Hollier,ghollier5f@gov.uk,Bigender,General Manager,Brazil,Wikizz
197,Lynette,Okill,lokill5g@wufoo.com,Female,Environmental Tech,Brazil,Tagpad
198,Tarah,Rissen,trissen5h@discovery.com,Female,Recruiter,Cuba,Jazzy
199,Ozzie,McKiernan,omckiernan5i@ifeng.com,Male,Compensation Analyst,Brazil,Jatri
200,Gamaliel,Maydway,gmaydway5j@networkadvertising.org,Male,VP Product Management,Egypt,Youbridge
201,Vivienne,O'Lagen,volagen5k@xinhuanet.com,Female,Systems Administrator I,Egypt,Kwimbee
202,Esther,Marchello,emarchello5l@furl.net,Female,Media Manager II,Brazil,Skalith
203,Bryn,Harriday,bharriday5m@samsung.com,Male,Chief Design Engineer,Croatia,Leenti
204,Brewer,Goodreid,bgoodreid5n@go.com,Male,Human Resources Manager,Egypt,Tekfly
205,Gilligan,Twells,gtwells5o@msu.edu,Female,Payment Adjustment Coordinator,Cuba,Quatz
206,Harwell,Luscombe,hluscombe5p@uiuc.edu,Male,Executive Secretary,Brazil,Browsebug
207,Maddie,Dibley,mdibley5q@lycos.com,Female,Account Executive,Suriname,Zoomcast
208,Masha,O'Brian,mobrian5r@e-recht24.de,Female,Staff Accountant I,Zambia,Mynte
209,Darcie,Peschmann,dpeschmann5s@theatlantic.com,Female,Design Engineer,Brazil,Pixoboo
210,Nedi,Dionisetti,ndionisetti5t@sbwire.com,Female,Nurse,Australia,Quaxo
211,Shellie,Ibberson,sibberson5u@instagram.com,Female,VP Product Management,Brazil,Vinte
212,Rafaela,Morphet,rmorphet5v@stumbleupon.com,Female,Sales Representative,Brazil,Quatz
213,Agna,Gierok,agierok5w@google.pl,Female,Systems Administrator I,Argentina,Zoozzy
214,Vasily,Meritt,vmeritt5x@yellowbook.com,Male,Operator,Argentina,Zoomcast
215,Bobbie,Korfmann,bkorfmann5y@com.com,Male,Biostatistician II,Argentina,Topicshots
216,Keene,Jozwiak,kjozwiak5z@dell.com,Male,Senior Financial Analyst,Cuba,Jabbersphere
217,Atalanta,Layus,alayus60@google.fr,Female,Paralegal,Argentina,Vinder
218,Cordie,Corbert,ccorbert61@accuweather.com,Genderqueer,Food Chemist,Brazil,Livepath
219,Taylor,Turfrey,tturfrey62@wp.com,Genderfluid,Developer III,Brazil,Skibox
220,Lisle,Learman,llearman63@ftc.gov,Male,Community Outreach Specialist,Brazil,Thoughtbeat
221,Mora,Amy,mamy64@friendfeed.com,Female,Geologist IV,American Samoa,Meevee
222,Stern,Thring,sthring65@who.int,Male,Human Resources Assistant III,Brazil,Skinix
223,Gregory,Perry,gperry66@is.gd,Male,VP Marketing,Argentina,Zoomcast
224,Alexandre,Shieldon,ashieldon67@reddit.com,Male,Pharmacist,Brazil,Skyndu
225,Wileen,Beed,wbeed68@smh.com.au,Female,Geologist I,Argentina,Kazu
226,Kristyn,Everil,keveril69@dmoz.org,Female,Software Test Engineer I,Brazil,Jaxnation
227,Deina,Rutley,drutley6a@upenn.edu,Female,Administrative Assistant III,Brazil,Thoughtsphere
228,Sallyann,Thorrold,sthorrold6b@disqus.com,Bigender,Graphic Designer,Brazil,Jabbertype
229,Harwell,Guttridge,hguttridge6c@kickstarter.com,Non-binary,Analog Circuit Design manager,Brazil,Cogilith
230,Eddy,Gregorin,egregorin6d@bbc.co.uk,Male,Marketing Manager,Argentina,Rooxo
231,Rodolfo,Dymott,rdymott6e@slashdot.org,Male,Compensation Analyst,Afghanistan,Demivee
232,Riane,Dillingstone,rdillingstone6f@wp.com,Female,Nuclear Power Engineer,Brazil,Fivebridge
233,Basia,Libreros,blibreros6g@smh.com.au,Female,Senior Quality Engineer,Brazil,Photospace
234,Jorrie,Scrimshaw,jscrimshaw6h@independent.co.uk,Female,Assistant Professor,Brazil,Quatz
235,Doloritas,Featherstone,dfeatherstone6i@geocities.jp,Agender,Media Manager IV,Brazil,Tagtune
236,Fanchette,Pegrum,fpegrum6j@sbwire.com,Female,Dental Hygienist,Brazil,Thoughtbridge
237,Lenka,Eirwin,leirwin6k@psu.edu,Female,Web Developer IV,Argentina,DabZ
238,Raye,Orris,rorris6l@stumbleupon.com,Female,Assistant Media Planner,Egypt,Yodel
239,Valle,Minchenton,vminchenton6m@symantec.com,Male,Paralegal,Cuba,Buzzdog
240,Reinhard,Parres,rparres6n@gmpg.org,Bigender,Database Administrator III,Angola,Yacero
241,Lizzie,Hambright,lhambright6o@freewebs.com,Non-binary,Research Nurse,Australia,Meejo
242,Tibold,McCurtin,tmccurtin6p@shop-pro.jp,Male,Project Manager,Brazil,Oyoba
243,Kelley,Wesker,kwesker6q@i2i.jp,Bigender,Research Assistant IV,Brazil,Yodoo
244,Corissa,Riha,criha6r@hhs.gov,Female,Office Assistant IV,Brazil,Demimbu
245,Reinhard,Ilyas,rilyas6s@ehow.com,Male,Tax Accountant,Croatia,Thoughtstorm
246,Tann,Durand,tdurand6t@foxnews.com,Male,Executive Secretary,Brazil,Topiclounge
247,Eugenie,Rand,erand6u@newsvine.com,Female,Community Outreach Specialist,Brazil,Skidoo
248,Chrissie,Firpo,cfirpo6v@i2i.jp,Male,Media Manager IV,Brazil,Quinu
249,Elias,Chatin,echatin6w@google.pl,Male,Human Resources Assistant I,Argentina,Jetwire
250,Fidole,Fannin,ffannin6x@nasa.gov,Male,Paralegal,Brazil,Thoughtblab
251,Merell,Grog,mgrog6y@deviantart.com,Male,Safety Technician II,Argentina,Skibox
252,Daniela,Kincla,dkincla6z@e-recht24.de,Female,Staff Accountant III,Cuba,Riffpath
253,Augustin,Ashwin,aashwin70@illinois.edu,Male,Geologist IV,Brazil,Trudoo
254,Micaela,Haken,mhaken71@tamu.edu,Female,Community Outreach Specialist,Brazil,Thoughtmix
255,Bartolemo,Camilli,bcamilli72@boston.com,Male,Analog Circuit Design manager,Brazil,Cogilith
256,Troy,Whitsun,twhitsun73@newsvine.com,Male,Financial Advisor,Brazil,Wikido
257,Vinita,Rosingdall,vrosingdall74@nature.com,Agender,Analog Circuit Design manager,Egypt,Reallinks
258,Alina,Bailes,abailes75@state.tx.us,Female,Help Desk Operator,Brazil,Dabtype
259,Camella,Firle,cfirle76@jigsy.com,Female,Design Engineer,Brazil,Abata
260,Fran,Sawford,fsawford77@arizona.edu,Female,Nurse,Argentina,Brightdog
261,Marci,Munnion,mmunnion78@icio.us,Female,Help Desk Technician,Argentina,Jazzy
262,Salim,Liggens,sliggens79@hibu.com,Male,Nurse,Afghanistan,Meembee
263,Antoine,Ovize,aovize7a@cornell.edu,Male,Marketing Assistant,Brazil,Chatterbridge
264,Kaleb,Erat,kerat7b@cocolog-nifty.com,Male,Biostatistician IV,Croatia,Skyble
265,Lowrance,Bowich,lbowich7c@webs.com,Male,Geological Engineer,Brazil,Zoomzone
266,Hamlin,Ordemann,hordemann7d@imageshack.us,Bigender,Safety Technician III,Afghanistan,Realpoint
267,Matty,Breckell,mbreckell7e@google.nl,Male,VP Quality Control,Brazil,Rhyloo
268,Radcliffe,Citrine,rcitrine7f@upenn.edu,Male,Geologist I,Brazil,Vipe
269,Aurelia,O'Gleasane,aogleasane7g@51.la,Female,Librarian,Brazil,Brainverse
270,Babita,De Beauchamp,bdebeauchamp7h@sogou.com,Female,Occupational Therapist,Brazil,Vipe
271,Godfrey,Yankishin,gyankishin7i@blogspot.com,Male,Recruiting Manager,Cuba,Vimbo
272,Valentina,Metzing,vmetzing7j@alibaba.com,Agender,Programmer Analyst I,Argentina,Tagpad
273,Savina,Creelman,screelman7k@so-net.ne.jp,Female,Quality Engineer,Brazil,Jamia
274,Geraldine,Coomber,gcoomber7l@nydailynews.com,Agender,Computer Systems Analyst I,Brazil,Voolith
275,Tawsha,Ghiotto,tghiotto7m@nymag.com,Female,Marketing Manager,Brazil,Zoonoodle
276,Arlana,Baress,abaress7n@ed.gov,Agender,Data Coordinator,Brazil,Jamia
277,Nil,Marcoolyn,nmarcoolyn7o@live.com,Male,Senior Sales Associate,Brazil,Yadel
278,Jasen,Gillion,jgillion7p@google.com.au,Male,Information Systems Manager,Brazil,Brainbox
279,Cecile,Maginot,cmaginot7q@wikimedia.org,Female,Software Engineer I,Brazil,Geba
280,Anton,De Ath,adeath7r@eepurl.com,Male,Geological Engineer,Barbados,Myworks
281,Dallas,Futty,dfutty7s@va.gov,Bigender,Data Coordinator,Brazil,Talane
282,Veronica,Caunt,vcaunt7t@google.com.au,Non-binary,Structural Engineer,Egypt,Eare
283,Chan,Verry,cverry7u@businessinsider.com,Male,VP Marketing,Afghanistan,Skyba
284,Patricio,Andress,pandress7v@washington.edu,Bigender,Developer IV,Brazil,BlogXS
285,Lambert,Kirkman,lkirkman7w@auda.org.au,Male,Quality Engineer,Argentina,Kwilith
286,Georgianne,Proswell,gproswell7x@163.com,Female,Research Assistant III,Croatia,Fliptune
287,Martainn,Lount,mlount7y@china.com.cn,Male,Programmer Analyst I,Brazil,Gabcube
288,Iain,Colbrun,icolbrun7z@time.com,Genderqueer,Director of Sales,Brazil,Topicshots
289,Pia,Tantum,ptantum80@goo.gl,Female,Assistant Manager,Brazil,Yacero
290,Luciano,Covey,lcovey81@blinklist.com,Male,Legal Assistant,Brazil,Cogilith
291,Fredelia,Stean,fstean82@sitemeter.com,Female,Payment Adjustment Coordinator,Brazil,Youopia
292,Fulton,Corbally,fcorbally83@moonfruit.com,Male,Recruiting Manager,Zambia,Jabbercube
293,Terry,Garratt,tgarratt84@yelp.com,Genderqueer,VP Marketing,Egypt,Meedoo
294,Louise,Gulley,lgulley85@google.pl,Female,VP Product Management,Afghanistan,Lazz
295,Joela,Jentle,jjentle86@ftc.gov,Female,Professor,Argentina,Mycat
296,Jonathan,Arington,jarington87@technorati.com,Male,Structural Analysis Engineer,Brazil,Riffpedia
297,Hadria,Comerford,hcomerford88@hugedomains.com,Non-binary,Research Nurse,Brazil,BlogXS
298,Bea,Gallally,bgallally89@amazon.de,Female,Programmer I,Egypt,Skalith
299,Annabelle,Leband,aleband8a@rediff.com,Female,Software Test Engineer III,Egypt,Quire
300,Amargo,MacRanald,amacranald8b@microsoft.com,Female,Payment Adjustment Coordinator,Brazil,Einti
301,Sidoney,Wrightim,swrightim8c@mapquest.com,Female,Legal Assistant,Brazil,Pixope
302,Gavin,Atthow,gatthow8d@wsj.com,Male,Civil Engineer,Brazil,Tagopia
303,Locke,Fransson,lfransson8e@economist.com,Male,Physical Therapy Assistant,Brazil,Tambee
304,Lilllie,Iwaszkiewicz,liwaszkiewicz8f@delicious.com,Female,Actuary,Aruba,Innotype
305,Mayor,Pehrsson,mpehrsson8g@google.com.br,Male,Senior Financial Analyst,Brazil,Quire
306,Fidelity,Joy,fjoy8h@reddit.com,Female,Business Systems Development Analyst,Cuba,Twitterbeat
307,Shepard,Bertlin,sbertlin8i@ibm.com,Male,Graphic Designer,Afghanistan,Dynazzy
308,Stormie,Moral,smoral8j@macromedia.com,Female,VP Sales,Brazil,Chatterbridge
309,Germaine,Twomey,gtwomey8k@dailymail.co.uk,Male,Account Coordinator,Brazil,Linkbuzz
310,Ange,Matushevitz,amatushevitz8l@t.co,Male,Marketing Manager,Brazil,Twinder
311,Conroy,Pennyman,cpennyman8m@soup.io,Male,VP Sales,Croatia,Youtags
312,Liza,Hanselman,lhanselman8n@purevolume.com,Bigender,Research Associate,Brazil,Pixope
313,Anne-corinne,Cowdery,acowdery8o@miitbeian.gov.cn,Female,Human Resources Manager,Argentina,Zazio
314,Rutherford,Ewebank,rewebank8p@ycombinator.com,Male,VP Marketing,Croatia,Eimbee
315,Lorne,Elstone,lelstone8q@cnbc.com,Male,Compensation Analyst,Brazil,Realcube
316,Jesselyn,Coultas,jcoultas8r@goodreads.com,Female,Operator,Brazil,Skidoo
317,Cassandre,Jago,cjago8s@archive.org,Female,Quality Control Specialist,Brazil,Riffpath
318,Catlin,Birkby,cbirkby8t@mtv.com,Female,Actuary,Brazil,Izio
319,Raffaello,Spirit,rspirit8u@java.com,Male,Administrative Officer,Brazil,Agivu
320,Flori,Mallison,fmallison8v@oaic.gov.au,Female,Chemical Engineer,Brazil,Thoughtworks
321,Cele,Thamelt,cthamelt8w@domainmarket.com,Polygender,Legal Assistant,Egypt,Dynava
322,Rube,Splevins,rsplevins8x@goo.gl,Male,Biostatistician III,Brazil,Lazz
323,Fredrika,Kleine,fkleine8y@soup.io,Female,Human Resources Manager,Brazil,Yodoo
324,Druci,Martinyuk,dmartinyuk8z@blinklist.com,Female,Librarian,Argentina,Yodoo
325,Giordano,Worts,gworts90@slashdot.org,Male,Paralegal,Croatia,Gigashots
326,Edward,Argile,eargile91@nifty.com,Male,Senior Cost Accountant,Australia,Eayo
327,Laurens,Hansbury,lhansbury92@whitehouse.gov,Male,Statistician II,Brazil,Linktype
328,Tyrus,Brymham,tbrymham93@unesco.org,Male,Food Chemist,Brazil,Browsecat
329,Augusto,Bottrill,abottrill94@51.la,Male,Research Associate,Afghanistan,Buzzster
330,Carlie,Speddin,cspeddin95@webeden.co.uk,Male,Accounting Assistant II,Brazil,Oyoyo
331,Giles,Siddens,gsiddens96@digg.com,Male,Quality Engineer,Brazil,Realbridge
332,Lianna,Oliver-Paull,loliverpaull97@yellowpages.com,Female,Account Executive,Afghanistan,Meetz
333,Davidde,Moxson,dmoxson98@ucoz.ru,Male,Financial Advisor,Brazil,Fivespan
334,Melonie,Grevatt,mgrevatt99@wsj.com,Female,Food Chemist,Argentina,Yadel
335,Glenn,Melin,gmelin9a@geocities.jp,Male,Account Coordinator,Cuba,Kayveo
336,Kellina,Aish,kaish9b@webs.com,Female,Environmental Specialist,Croatia,Wordify
337,Wilton,Scolland,wscolland9c@ovh.net,Male,Payment Adjustment Coordinator,Brazil,Vipe
338,Ossie,Pischof,opischof9d@globo.com,Male,Director of Sales,Brazil,Katz
339,Theda,Platts,tplatts9e@goodreads.com,Female,Chief Design Engineer,Argentina,Wikizz
340,Orbadiah,Steddall,osteddall9f@tiny.cc,Male,Nurse,Brazil,Skynoodle
341,Deonne,Noel,dnoel9g@jugem.jp,Bigender,Food Chemist,Egypt,Gigaclub
342,Pierrette,Reddin,preddin9h@washingtonpost.com,Female,Staff Scientist,Cuba,Rhycero
343,Ruben,Raimbauld,rraimbauld9i@skyrock.com,Male,Internal Auditor,Brazil,Skibox
344,Blancha,Ipsgrave,bipsgrave9j@sourceforge.net,Female,Paralegal,Argentina,Jabbercube
345,Kendrick,Lambert-Ciorwyn,klambertciorwyn9k@cbc.ca,Male,Programmer Analyst I,Brazil,Realcube
346,Keslie,Effnert,keffnert9l@dagondesign.com,Female,GIS Technical Architect,Brazil,Devcast
347,Martyn,Catherall,mcatherall9m@bing.com,Male,Sales Associate,Argentina,Chatterbridge
348,Allina,Prynne,aprynne9n@unicef.org,Female,Editor,Brazil,Photobug
349,Leoine,Colleton,lcolleton9o@netvibes.com,Polygender,Dental Hygienist,Argentina,Rooxo
350,Serge,Sammonds,ssammonds9p@behance.net,Male,Nuclear Power Engineer,Argentina,LiveZ
351,Ariadne,McGilmartin,amcgilmartin9q@quantcast.com,Bigender,Research Nurse,Australia,Riffwire
352,Geno,Wreakes,gwreakes9r@icq.com,Male,Legal Assistant,Brazil,Yozio
353,Dennie,Flacknoe,dflacknoe9s@sciencedirect.com,Male,Clinical Specialist,Brazil,Wordware
354,Tybalt,Murrells,tmurrells9t@friendfeed.com,Genderfluid,Engineer II,Brazil,Rhybox
355,Bibbie,Lapthorne,blapthorne9u@goo.gl,Female,Human Resources Assistant III,Brazil,Buzzdog
356,Callida,Gonzales,cgonzales9v@kickstarter.com,Female,Chief Design Engineer,Brazil,Fivebridge
357,Amalia,Carefull,acarefull9w@furl.net,Female,Office Assistant IV,Brazil,Rooxo
358,Lenna,Marshland,lmarshland9x@ning.com,Female,Developer III,Argentina,Thoughtmix
359,Arlana,Brason,abrason9y@fda.gov,Female,Research Assistant II,Croatia,Eadel
360,Lenard,Barfitt,lbarfitt9z@jalbum.net,Male,Engineer I,Argentina,Meembee
361,Loria,Peachman,lpeachmana0@free.fr,Female,Help Desk Technician,Argentina,Brainsphere
362,Rania,Clemmensen,rclemmensena1@xrea.com,Female,Internal Auditor,Brazil,Blogspan
363,Delia,Guerrieri,dguerrieria2@google.ru,Female,Office Assistant III,Croatia,Twitterbeat
364,Isabelle,Giraudou,igiraudoua3@macromedia.com,Female,Financial Advisor,Argentina,Skidoo
365,Waylan,Ridsdale,wridsdalea4@ibm.com,Non-binary,Paralegal,Brazil,Layo
366,Kane,Doyley,kdoyleya5@deviantart.com,Male,Civil Engineer,Australia,Riffpedia
367,Angelico,Gibbieson,agibbiesona6@mayoclinic.com,Male,Human Resources Assistant II,Brazil,Flashpoint
368,Ag,Esmonde,aesmondea7@guardian.co.uk,Female,Compensation Analyst,Botswana,Yodoo
369,Julius,Zanetto,jzanettoa8@rambler.ru,Male,Account Executive,Brazil,Fivespan
370,Jeremiah,Dyerson,jdyersona9@cargocollective.com,Non-binary,Junior Executive,Cuba,Innojam
371,Reggy,Vigneron,rvigneronaa@163.com,Male,Health Coach I,Brazil,Bubblebox
372,Merell,Sleath,msleathab@pen.io,Male,Software Test Engineer II,Argentina,Latz
373,Sybila,Kretschmer,skretschmerac@infoseek.co.jp,Female,Paralegal,Afghanistan,Photobug
374,Emilie,Townsley,etownsleyad@google.cn,Female,Community Outreach Specialist,Argentina,Flipopia
375,Alia,Priddie,apriddieae@acquirethisname.com,Female,Assistant Media Planner,Brazil,Brainlounge
376,Maison,Spiniello,mspinielloaf@gmpg.org,Male,Account Representative IV,Croatia,Flashspan
377,Odetta,Pohlke,opohlkeag@stanford.edu,Female,Assistant Media Planner,Brazil,Feedmix
378,Lorens,Lowrie,llowrieah@economist.com,Male,Accounting Assistant II,Brazil,Vinder
379,Avictor,Rosle,arosleai@spotify.com,Male,Statistician I,Brazil,Omba
380,Deanna,Lauthian,dlauthianaj@nydailynews.com,Female,Help Desk Technician,Brazil,Demimbu
381,Eartha,O'Hanlon,eohanlonak@weather.com,Female,GIS Technical Architect,Brazil,Shuffledrive
382,Scarlet,Klein,skleinal@opensource.org,Female,Health Coach II,Brazil,Photospace
383,Halie,Hindrick,hhindrickam@mashable.com,Female,Software Consultant,Brazil,Edgetag
384,Liv,Renvoys,lrenvoysan@imdb.com,Female,Environmental Specialist,Brazil,Bubblebox
385,Eileen,Gowler,egowlerao@gravatar.com,Female,Senior Financial Analyst,Argentina,JumpXS
386,Kylila,Pietesch,kpieteschap@intel.com,Female,Assistant Manager,Croatia,Linkbridge
387,Adriana,Abrahams,aabrahamsaq@virginia.edu,Female,Automation Specialist IV,Brazil,Twiyo
388,Silvanus,Treneman,strenemanar@mtv.com,Male,VP Quality Control,Brazil,Vimbo
389,Morey,Moreland,mmorelandas@bbc.co.uk,Male,Senior Cost Accountant,Brazil,Dazzlesphere
390,Hewett,Roof,hroofat@instagram.com,Male,Physical Therapy Assistant,Brazil,Ozu
391,Wilhelmina,Callan,wcallanau@berkeley.edu,Female,Administrative Assistant IV,Brazil,Yacero
392,Eugenio,Mackrell,emackrellav@ed.gov,Male,Developer II,Brazil,Feedspan
393,Maegan,Frane,mfraneaw@wikia.com,Female,Registered Nurse,Brazil,Youfeed
394,Emmey,Avory,eavoryax@youku.com,Female,Clinical Specialist,Brazil,Riffwire
395,Adlai,Grady,agradyay@nationalgeographic.com,Male,Community Outreach Specialist,Brazil,Voolith
396,Crissy,Giacovazzo,cgiacovazzoaz@businessinsider.com,Female,Tax Accountant,Afghanistan,Wordtune
397,Emile,Bachshell,ebachshellb0@e-recht24.de,Male,Help Desk Operator,Brazil,Agimba
398,Abram,Annwyl,aannwylb1@statcounter.com,Male,Graphic Designer,Argentina,Miboo
399,Maggie,Pistol,mpistolb2@blogspot.com,Polygender,Sales Representative,Argentina,Shufflebeat
400,Dylan,Eltringham,deltringhamb3@nasa.gov,Male,Statistician III,Afghanistan,Mynte
401,Mata,Rameaux,mrameauxb4@theglobeandmail.com,Male,Social Worker,Brazil,Jayo
402,Eveleen,Hardan,ehardanb5@hexun.com,Female,VP Accounting,Argentina,Tambee
403,Bondon,Morillas,bmorillasb6@godaddy.com,Male,Programmer IV,Brazil,Quaxo
404,Dasha,Leyninye,dleyninyeb7@smh.com.au,Female,Office Assistant I,Argentina,Kare
405,Abbe,Hanner,ahannerb8@mit.edu,Male,Operator,Argentina,Ntag
406,Claudio,Seath,cseathb9@virginia.edu,Male,Administrative Assistant I,Brazil,Roombo
407,Izaak,Lusty,ilustyba@artisteer.com,Male,Librarian,Argentina,Wordtune
408,Winfred,Tregaskis,wtregaskisbb@goo.ne.jp,Male,Programmer Analyst II,Brazil,Jaxworks
409,Angy,Chipps,achippsbc@jimdo.com,Female,Chief Design Engineer,Brazil,Flipopia
410,Palm,Lafranconi,plafranconibd@indiegogo.com,Male,Human Resources Assistant III,Afghanistan,Zoomdog
411,Izak,Bagster,ibagsterbe@ow.ly,Male,Account Representative I,Brazil,Shuffledrive
412,Olva,Frede,ofredebf@state.gov,Bigender,GIS Technical Architect,Brazil,Dynabox
413,Joelie,Leys,jleysbg@cnbc.com,Female,Occupational Therapist,Brazil,Oyonder
414,Donalt,Buzek,dbuzekbh@tumblr.com,Male,Sales Representative,Afghanistan,Katz
415,Shaylyn,Gilphillan,sgilphillanbi@opera.com,Female,Senior Quality Engineer,Brazil,Demizz
416,Minny,Manders,mmandersbj@so-net.ne.jp,Genderfluid,Account Executive,Brazil,Aibox
417,Mellisa,D'Acth,mdacthbk@dropbox.com,Female,Graphic Designer,Brazil,Wordware
418,Aileen,Lismer,alismerbl@unblog.fr,Female,Desktop Support Technician,Afghanistan,Topiczoom
419,Emelita,Steeples,esteeplesbm@timesonline.co.uk,Female,Clinical Specialist,Brazil,Ozu
420,Krishna,Clemmow,kclemmowbn@bloglines.com,Male,Research Assistant II,Croatia,Bubblebox
421,Lawton,Lambarton,llambartonbo@de.vu,Male,Staff Accountant III,Brazil,Wikizz
422,Fayre,Newcome,fnewcomebp@sitemeter.com,Female,Speech Pathologist,Brazil,Katz
423,Cicely,Channer,cchannerbq@tinypic.com,Female,Graphic Designer,Afghanistan,Ntag
424,Antone,Gifford,agiffordbr@dot.gov,Male,Community Outreach Specialist,Brazil,Meembee
425,Wilden,Overy,woverybs@photobucket.com,Male,Administrative Officer,Argentina,Oyope
426,Hubert,Vereker,hverekerbt@apple.com,Male,Electrical Engineer,Argentina,Reallinks
427,Deni,Cathie,dcathiebu@seattletimes.com,Female,Financial Analyst,Brazil,Thoughtsphere
428,Odille,Doick,odoickbv@flavors.me,Female,Actuary,Suriname,Cogidoo
429,Evyn,Jeyness,ejeynessbw@360.cn,Male,Cost Accountant,Brazil,Topicblab
430,Addi,Matskiv,amatskivbx@printfriendly.com,Female,Nurse Practicioner,Brazil,Gabtype
431,Cyrus,Bidgod,cbidgodby@state.tx.us,Male,Office Assistant IV,Dominica,Quatz
432,Herold,Bartocci,hbartoccibz@soundcloud.com,Male,Account Representative II,Brazil,Brightbean
433,Hendrika,Scarlan,hscarlanc0@blogtalkradio.com,Female,Engineer I,Brazil,Bluezoom
434,Ethelbert,Cavozzi,ecavozzic1@utexas.edu,Male,Quality Control Specialist,Equatorial Guinea,Mynte
435,Rafa,Weare,rwearec2@merriam-webster.com,Non-binary,Information Systems Manager,Brazil,Jaxbean
436,Alexandro,De Angelo,adeangeloc3@cdbaby.com,Male,Database Administrator II,Argentina,Zoovu
437,Cory,Zini,czinic4@feedburner.com,Male,Geologist III,Brazil,Fadeo
438,Clarey,Blune,cblunec5@weibo.com,Female,Marketing Assistant,Egypt,Eire
439,Caresa,Skrine,cskrinec6@acquirethisname.com,Female,Operator,Angola,Shufflebeat
440,Stanly,Fawdry,sfawdryc7@youku.com,Male,Programmer I,Brazil,Plambee
441,Thorpe,Bartley,tbartleyc8@hostgator.com,Male,GIS Technical Architect,Brazil,Centimia
442,Ian,Devorill,idevorillc9@nature.com,Male,Marketing Assistant,Brazil,Yombu
443,Rabbi,Jakovijevic,rjakovijevicca@addthis.com,Male,Director of Sales,Zambia,Dazzlesphere
444,Gina,Shaul,gshaulcb@seesaa.net,Female,Editor,Argentina,Thoughtblab
445,Vladimir,Loisi,vloisicc@furl.net,Male,Software Engineer III,Angola,Demimbu
446,Gray,Whatling,gwhatlingcd@joomla.org,Female,VP Sales,Argentina,Nlounge
447,Elayne,Dowrey,edowreyce@jimdo.com,Genderqueer,Structural Engineer,Afghanistan,Gabvine
448,Merrilee,Broz,mbrozcf@csmonitor.com,Female,Payment Adjustment Coordinator,Brazil,Linktype
449,Mirella,Acom,macomcg@bloglines.com,Female,Design Engineer,Brazil,Browsezoom
450,Cyrus,Wrigley,cwrigleych@springer.com,Male,Statistician I,Brazil,Flashpoint
451,Ivy,Semmence,isemmenceci@ameblo.jp,Female,VP Accounting,Brazil,Buzzshare
452,Pryce,McGillicuddy,pmcgillicuddycj@twitter.com,Male,Developer III,Croatia,Realcube
453,Erasmus,Duke,edukeck@reverbnation.com,Male,Geological Engineer,Brazil,Meemm
454,Shela,MacKegg,smackeggcl@census.gov,Female,Electrical Engineer,Croatia,Thoughtbridge
455,Winifield,Tuffin,wtuffincm@ycombinator.com,Male,Senior Sales Associate,Brazil,Chatterbridge
456,Celka,Blankau,cblankaucn@cnn.com,Female,Community Outreach Specialist,Brazil,Meevee
457,Chilton,Arundell,carundellco@netlog.com,Male,Web Designer I,Brazil,Devpulse
458,Adelaida,Kunath,akunathcp@surveymonkey.com,Female,Geologist II,Brazil,Yambee
459,Cristin,Knappe,cknappecq@opera.com,Female,Professor,Brazil,Yodo
460,Rafferty,Sucre,rsucrecr@chronoengine.com,Genderqueer,Senior Sales Associate,Croatia,Kwilith
461,Addi,Badrick,abadrickcs@ovh.net,Female,Pharmacist,Brazil,Npath
462,Dorothy,Kenner,dkennerct@goodreads.com,Female,Database Administrator I,Brazil,Devcast
463,Aveline,Nelthrop,anelthropcu@uiuc.edu,Female,Nurse,Brazil,Tavu
464,Phillipp,Wilderspoon,pwilderspooncv@printfriendly.com,Male,Help Desk Operator,Brazil,Oyondu
465,Cyndy,Garett,cgarettcw@zdnet.com,Female,Assistant Professor,Brazil,Topiclounge
466,Zeb,Brookwell,zbrookwellcx@google.it,Male,Civil Engineer,Brazil,Photospace
467,Dexter,Slocket,dslocketcy@auda.org.au,Male,Nurse,Brazil,Yakidoo
468,Keary,Sillick,ksillickcz@wired.com,Male,Assistant Media Planner,Brazil,Zoomlounge
469,Terrance,Cud,tcudd0@ehow.com,Male,Analyst Programmer,Afghanistan,Devshare
470,Addie,Martonfi,amartonfid1@cdc.gov,Male,Tax Accountant,Brazil,Abata
471,Thibaud,Weildish,tweildishd2@booking.com,Male,Safety Technician III,Egypt,Podcat
472,Derrik,Klaggeman,dklaggemand3@telegraph.co.uk,Male,VP Accounting,Afghanistan,Thoughtmix
473,Marwin,Fawloe,mfawloed4@pbs.org,Male,Technical Writer,Brazil,Aimbu
474,Vanya,McUre,vmcured5@princeton.edu,Female,Tax Accountant,Aruba,Linkbuzz
475,Noelani,Parren,nparrend6@howstuffworks.com,Genderqueer,Social Worker,Argentina,Camido
476,Hyacinth,Constance,hconstanced7@comcast.net,Female,Design Engineer,Argentina,Eimbee
477,Isabella,Delacroux,idelacrouxd8@gravatar.com,Female,Senior Developer,Brazil,Katz
478,Elvyn,Brum,ebrumd9@vkontakte.ru,Male,VP Sales,Brazil,Thoughtsphere
479,Robinet,Guerrin,rguerrinda@yahoo.co.jp,Male,Administrative Assistant III,Brazil,Skiba
480,Regen,Neads,rneadsdb@businessinsider.com,Male,Assistant Manager,Croatia,Eazzy
481,Theda,Allday,talldaydc@tmall.com,Female,Environmental Specialist,Argentina,Brainbox
482,Annice,Arlet,aarletdd@parallels.com,Female,Food Chemist,Brazil,Feedspan
483,Margareta,Housbey,mhousbeyde@hatena.ne.jp,Female,Nuclear Power Engineer,Croatia,Skinte
484,Hermine,Haylett,hhaylettdf@cmu.edu,Genderfluid,Nurse Practicioner,Brazil,Eadel
485,Josie,Lemoir,jlemoirdg@businessweek.com,Female,Actuary,Brazil,Linkbuzz
486,Genni,Chamberlaine,gchamberlainedh@weather.com,Female,Senior Financial Analyst,Cuba,Browsedrive
487,Alexandro,Syrad,asyraddi@google.com.au,Male,Executive Secretary,Argentina,Skimia
488,Parsifal,Gwinn,pgwinndj@w3.org,Male,Executive Secretary,Cuba,Buzzshare
489,Taryn,Veltman,tveltmandk@dedecms.com,Female,Dental Hygienist,Brazil,Camimbo
490,Phip,Smallbone,psmallbonedl@goo.gl,Male,Geological Engineer,Brazil,Zoovu
491,Herb,Goodere,hgooderedm@pinterest.com,Male,Marketing Assistant,Cuba,Rooxo
492,Lonni,Robke,lrobkedn@de.vu,Female,Marketing Manager,Brazil,Livepath
493,Adelaida,Alison,aalisondo@wordpress.org,Female,Operator,Egypt,Muxo
494,Tirrell,Jinks,tjinksdp@amazon.com,Male,Senior Cost Accountant,Brazil,Twitterbridge
495,Brit,Farley,bfarleydq@taobao.com,Male,Analog Circuit Design manager,Brazil,Zava
496,Adi,Oldfield,aoldfielddr@acquirethisname.com,Female,Desktop Support Technician,Croatia,Zoomcast
497,Annice,Upcott,aupcottds@fc2.com,Female,Web Designer IV,Brazil,Roodel
498,Chane,Mowbury,cmowburydt@umich.edu,Male,Software Test Engineer I,Brazil,Browsetype
499,Sonny,Allam,sallamdu@google.it,Male,Administrative Officer,Brazil,Innojam
500,Brandais,Rubertelli,brubertellidv@telegraph.co.uk,Female,Research Associate,Egypt,Skiba
